Nazwa;Ulica;Numer;Miasto
Jesionowa;Jesionowa;112;Gdansk
Czerwonego Kapturka;Jesionowa;14;Gdansk
Kolumba;Warszawska;38;Gdansk
Sloneczna Polana;Warszawska;174;Gdansk
Hucisko;Warszawska;84;Gdansk
Rozany Sad;Sloneczna;55;Gdansk
Zakatek;Sloneczna;99;Gdansk
Kwidzynska;Debowa;148;Gdansk
Krolewska Rzeka;Debowa;191;Gdansk
Srebrny Brzeg;Morska;115;Gdansk
Wodna Dolina;Morska;196;Gdansk
Malinowa Dolinka;Cicha;130;Gdansk
Sosnowa Gora;Cicha;68;Gdansk
Debowa Wioska;Krotka;34;Gdansk
Marcepanowy Las;Krotka;179;Gdansk
Lipowa Dolina;Urocza;175;Gdansk
Zloty Skarb;Urocza;8;Gdansk
Perlowa Ulica;Wiejska;45;Gdansk
Rubinkowa Przystan;Wiejska;33;Gdansk
Szmaragdowy Raj;Lesna;188;Gdansk
Topolowa Aleja;Lesna;173;Gdansk
Zielona Dolina;Spacerowa;70;Gdansk
Wrzosowy Zakatek;Spacerowa;131;Gdansk
Granatowy Szlak;Lipowa;61;Gdansk
Mietowy Skwer;Lipowa;76;Gdansk
Fiolkowa Droga;Wiosenna;35;Gdansk
Orzechowy Las;Wiosenna;191;Gdansk
Szafirek;Parkowa;44;Gdansk
Cytrynowy Ogrod;Parkowa;156;Gdansk
Rubinowa Polana;Kwiatowa;50;Gdansk
Dabrowa Gora;Kwiatowa;183;Gdansk
Prabuty;Zamkowa;124;Gdansk
Lawendowy Skwer;Zamkowa;19;Gdansk
Szmaragdowa Wyspa;Polna;6;Gdansk
Srebrzysty Brzeg;Polna;58;Gdansk
Czekoladowa Gora;Nadbrzezna;138;Gdansk
Piekarnicza;Nadbrzezna;41;Gdansk
Wiosenny Las;Jagodowa;162;Gdansk
Malinowy Sad;Jagodowa;27;Gdansk
Rozany Kacik;Slowackiego;64;Gdansk
Sloneczny Staw;Slowackiego;110;Gdansk
Koralowa Droga;Piekna;22;Gdansk
Bedoesa;Piekna;95;Gdansk
Zielony Ogrod;Szkolna;21;Gdansk
Wabrzeska;Szkolna;1;Gdansk
Klonowy Sklep;Zlota;65;Gdansk
Zielony Skwer;Zlota;105;Gdansk
Krystaliczna Rzeka;Rozana;149;Gdansk
Jastrzebia Wyspa;Rozana;9;Gdansk
Sloneczne Wzgorze;Bursztynowa;109;Gdansk
Porzeczkowa Dolina;Bursztynowa;32;Gdansk
Krolewski Las;Rozanska;98;Gdansk
Kwiatowy Plac;Rozanska;139;Gdansk
Zloty Brzeg;Malinowa;66;Gdansk
Ciasna;Malinowa;80;Gdansk
Jezioro Zimowa;Wiejska;154;Gdansk
Czerwony Las;Wiejska;2;Gdansk
Perlowy Kacik;Stokrotka;81;Gdansk
Koralowy Brzeg;Stokrotka;75;Gdansk
Stadion;Zimowa;85;Gdansk
Miodowa;Zimowa;120;Gdansk
Zielona Przystan;Brzozowa;48;Gdansk
Debowa Dolina;Brzozowa;69;Gdansk
Orzechowy Sad;Piastowska;100;Gdansk
Malinowa Droga;Piastowska;87;Gdansk
Sportowa;Malwowa;162;Gdansk
Sloneczne Polanki;Malwowa;59;Gdansk
Klonowa Gora;Wschodnia;11;Gdansk
Rubinowy Zakatek;Wschodnia;120;Gdansk
Wroclawska;Sienkiewicza;178;Gdansk
Politechnika;Sienkiewicza;93;Gdansk
Warszawska;Cmentarna;171;Gdansk
Srebrny Kaptur;Cmentarna;136;Gdansk
Perlowy Plac;Krzywa;104;Gdansk
Wrzosowy Sad;Krzywa;107;Gdansk
Uniwersytet;Szkolna;86;Gdansk
Czekoladowe Wzgorze;Szkolna;49;Gdansk
Kamienista Przystan;Jana Pawla II;30;Gdansk
Malinowy Las;Jana Pawla II;157;Gdansk
Zlota Dolina;Konopnickiej;3;Gdansk
Stadionowa;Konopnickiej;4;Gdansk
Rubinowa Polanka;Ogrodowa;187;Gdansk
Lawendowy Brzeg;Ogrodowa;73;Gdansk
Sosnowy Ogrod;Zytnia;194;Gdansk
Koralowy Kacik;Zytnia;129;Gdansk
Sloneczne Wzgorza;Krotka;142;Gdansk
Kabaty;Krotka;182;Gdansk
Srebrna Dolina;Powstancow;74;Gdansk
Granatowy Sklep;Powstancow;103;Gdansk
Sloneczny Plac;Dworcowa;165;Gdansk
Porzeczkowy Raj;Dworcowa;26;Gdansk
Klonowy Zakatek;Parkowa;77;Gdansk
Perlowa Dolina;Parkowa;40;Gdansk
Zielone Rozstaje;Akacjowa;23;Sopot
Jagodowy Skwer;Akacjowa;117;Sopot
Dluga;Dluga;159;Sopot
Kamienista Ulica;Dluga;37;Sopot
Wislana;Nadrzeczna;124;Sopot
Rubinowy Sad;Nadrzeczna;71;Sopot
Szafirowe Wzgorze;Klonowa;36;Sopot
Cytrynowa Rzeka;Klonowa;52;Sopot
Chrupkowa;Granitowa;25;Sopot
Zielone Ogrodki;Granitowa;78;Sopot
Malinowy Kacik;Jesienna;56;Sopot
Piekna;Jesienna;94;Sopot
Teatr Lesny;Mila;97;Sopot
Jagodowy Raj;Mila;43;Sopot
Muminkowa;Topolowa;31;Sopot
Srebrzysta Dolina;Topolowa;152;Sopot
Szeroka;Slowackiego;47;Sopot
Klonowy Sad;Slowackiego;153;Sopot
Granatowy Brzeg;Biala;128;Sopot
Rozany Las;Biala;16;Sopot
Sloneczna Dolina;Sienkiewicza;107;Sopot
Kwiatowy Kacik;Sienkiewicza;13;Sopot
Miszewskiego;Zielona;179;Sopot
Debowa Rzeka;Zielona;12;Sopot
Kamienista Wyspa;Wojska Polskiego;130;Sopot
Sloneczny Sklep;Wojska Polskiego;158;Sopot
Malinowa Ulica;Debowa;127;Sopot
Cytrynowy Zakatek;Debowa;42;Sopot
Koralowy Las;Krzywa;5;Sopot
Lewandowskiego;Krzywa;29;Sopot
Szafirowa Dolina;Spacerowa;68;Sopot
Perlowy Skwer;Spacerowa;72;Sopot
Sosnowy Kacik;Cicha;123;Sopot
Granatowy Raj;Cicha;144;Sopot
Zielone Wzgorze;Morska;165;Sopot
Kubicy;Morska;53;Sopot
Traugutta;Szkolna;90;Sopot
Malinowy Brzeg;Szkolna;10;Sopot
Czerwona Rzeka;Malwowa;63;Sopot
Rubinowy Ogrod;Malwowa;125;Sopot
Srebrzysta Przystan;Wiosenna;31;Sopot
Klonowa Dolina;Wiosenna;150;Sopot
Kwiatowy Sklep;Parkowa;172;Sopot
Swiatek;Parkowa;66;Sopot
Ogrodowa;Kwiatowa;182;Sopot
Sloneczny Brzeg;Kwiatowa;28;Sopot
Perlowy Raj;Warszawska;92;Sopot
Cytrynowa Dolina;Warszawska;39;Sopot
Zielona Polana;Sloneczna;198;Sopot
Lawendowy Kacik;Sloneczna;167;Sopot
Sosnowy Zakatek;Lesna;62;Sopot
Koralowa Ulica;Lesna;1;Sopot
Granatowy Staw;Bursztynowa;166;Sopot
Medyczny;Bursztynowa;102;Sopot
Czerwony Brzeg;Sloneczna;20;Sopot
Rubinowy Plac;Sloneczna;46;Sopot
Szafirowy Las;Szkolna;161;Sopot
Debowa Skwer;Szkolna;181;Sopot
Popka;Debowa;54;Sopot
Srebrna Polana;Debowa;113;Sopot
Perlowy Brzeg;Krotka;171;Sopot
Sloneczny Zakatek;Krotka;89;Sopot
Kamienista Rzeka;Urocza;155;Sopot
Klonowy Staw;Urocza;58;Sopot
Jagodowy Kacik;Wiejska;149;Gdynia
Kwiatowa Dolina;Wiejska;7;Gdynia
Brama Oliwska;Lesna;88;Gdynia
Skrajna;Lesna;186;Gdynia
Sosnowy Las;Spacerowa;157;Gdynia
Czerwona Ulica;Spacerowa;15;Gdynia
Sloneczne Rozstaje;Lipowa;150;Gdynia
Rubinowa Rzeka;Lipowa;67;Gdynia
Kolorowa;Wiosenna;161;Gdynia
Perlowy Sklep;Wiosenna;119;Gdynia
Cytrynowy Sad;Parkowa;9;Gdynia
Malinowa Przystan;Parkowa;60;Gdynia
Koralowy Raj;Kwiatowa;33;Gdynia
Debowa Polana;Kwiatowa;139;Gdynia
Jagodowy Zakatek;Zamkowa;59;Gdynia
Szafirowy Kacik;Zamkowa;37;Gdynia
Zielony Brzeg;Polna;145;Gdynia
Srebrny Las;Polna;51;Gdynia
Kamienista Dolina;Nadbrzezna;76;Gdynia
Kwiatowy Skwer;Nadbrzezna;22;Gdynia
Granatowy Zakatek;Jagodowa;79;Gdynia
Sloneczny Las;Jagodowa;96;Gdynia
Klonowy Brzeg;Slowackiego;134;Gdynia
Rubinowy Kacik;Slowackiego;140;Gdynia
Jagodowy Plac;Piekna;200;Gdynia
Malinowy Sklep;Piekna;175;Gdynia
Perlowy Las;Szkolna;175;Gdynia
Zielone Wzgorza;Szkolna;181;Gdynia
Sosnowa Dolina;Zlota;200;Gdynia
Czerwony Sklep;Zlota;168;Gdynia
Koralowy Staw;Rozana;50;Gdynia
Sloneczna Rzeka;Rozana;171;Gdynia
Albanska;Bursztynowa;140;Gdynia
Cytrynowa Ulica;Bursztynowa;67;Gdynia
Granatowa Polana;Rozanska;77;Gdynia
Rubinowa Dolina;Rozanska;112;Gdynia
Perlowy Zakatek;Malinowa;36;Gdynia
Srebrzysty Kacik;Malinowa;28;Gdynia
Chlopska;Wiejska;132;Gdynia
Jagodowy Las;Wiejska;165;Gdynia
Zielona Rzeka;Stokrotka;182;Gdynia
Kwiatowy Brzeg;Stokrotka;125;Gdynia
Klonowy Ogrod;Zimowa;166;Gdynia
